COD. ÁREA,ÁREAS,COD. PERFIL,OFERTAS FORMATIVAS,CARGA HORARIA HS. RELOJ,REQUISITOS DE INGRESO,CERTIFI-CADO,CERTIFI-CACION,PROGRAMACIÓN,INSTRUMENTO LEGAL,OBSERVACIONES
I,GESTIÓN DE LAS ORGANIZACIONES Y RECURSOS HUMANOS,05,AUXILIAR DE SECRETARIO EJECUTIVO,250,Secundaria o Equivalente,Nivel III,Ministerial,Rev. STFP II B,,
,,06,SECRETARIO EJECUTIVO,500,Aux. Secretario Ejecutivo,Nivel III,Ministerial,,,
,,10,ORGANIZACIÓN  DE COOPERATIVAS,125,Secundaria o Equivalente (o acreditar que esta en un programa de terminalidad),Nivel III,Ministerial,Rev. STFP II H,Expediente Nº 50/13,
,,11,AUXILIAR PROTOCOLAR PARA LAS  RELACIONES INSTITUCIONALES,250,Secundaria o Equivalente,Nivel III,Ministerial ,Rev. STFP II D,Expediente Nº 19/10,
,,12,ASESOR PROTOCOLAR PARA LAS  RELACIONES INSTITUCIONALES,250, Auxiliar Protocolar p/las Relaciones Institucionales ,Nivel III,Ministerial ,Rev. STFP II D,Expediente Nº 20/10,
,,14,ASISTENTE JURÍDICO,150,Secundaria o Equivalente,Nivel III,Ministerial,DC - FORM. 03 FP Nuevo STFP II - I,Expediente Nº 63/14. Elaborado por. Área  de Evaluación a pedido de Coord. FP,
,,16,ASISTENTE PARA LA ADMINISTRACIÓN,125,Secundaria o Equivalente,Nivel III,Ministerial,DC - FORM - 03 - Equipo de Diseño 2023,,
,,22,ASISTENTE/A PARA ADMINISTRACIÓN Y GESTIÓN CON HERRAMIENTAS INFORMÁTICAS,360,Secundaria o Equivalente,Nivel III,Ministerial,Marco de Referencia ,Res. CFE N° 460/23,
,,23,PROMOTOR/A DE COOPERATIVAS Y MUTUALES,360,Secundaria o Equivalente,Nivel II,Ministerial,Marco de Referencia ,Res. CFE N° 474/24,
II,INFORMÁTICA,03,OPERADOR  DE INFORMÁTICA PARA ADMINISTRACIÓN Y GESTIÓN,250,Primaria o Equivalente ,Nivel II,Ministerial  ,Diseño Curricular , Res. 36/15 ME-Chubut - Res.  RINET-Homologación N° 373/16,
,,04,OPERADOR DE BASES DE DATOS PARA OFICINA,125,Ciclo Básico o EGB 3 - Operador de Inf. para Adm. y Gestión y/o acreditar conocimiento,Nivel III,Ministerial ,Rev. RED- II E,Expediente Nº 39/11,
,,05,INTRODUCCIÓN AL DIBUJO TÉCNICO ASISTIDO  POR P.C.,125,Primaria o Equivalente,Nivel II,Ministerial,Rev.STFP II C,,
,,06,DIBUJO ASISTIDO POR COMPUTADORA  ,125, Ciclo basico o EGB 3 + Acreditar Dibujo Técnico y manejo de P.C. ,Nivel III,Ministerial,Rev. STFP II B,,Capacitación para profesionales 
,,07,OPERADOR DE HERRAMIENTAS DE DISEÑO GRÁFICO EN COMPUTADORA,250,Ciclo Básico o EGB 3  + Acreditar manejo  de P.C.,Nivel III,Ministerial,DC - FORM - 03 - Equipo de Diseño 2018,Expediente N° 78/2018,
,,08,DISEÑADOR Y ADMINISTRADOR  DE PÁGINAS WEB,250,Ciclo Básico o EGB 3 + Operador de Inf. para Adm. y Gestión y/o acreditar conocimiento,Nivel III,Ministerial ,DC - FORM - 03 - Equipo de Diseño 2018,Expediente N° 87/2018 antes expediente Nº 40/11 ,
,,09,MANTENIMIENTO Y REPARACIÓN DE EQUIPOS INFORMÁTICOS,250,Ciclo Básico o EGB 3  + Acreditar conocimiento de P.C.,Nivel III,Ministerial ,Rev. RED- II D, Expedienten Nº 01/10,
,,10,INFORMÁTICA MULTIMEDIAL,125,Primaria o Equivalente ,Nivel II,Ministerial ,Rev. RED- II F, Expediente Nº 45/12,
,,11,INSTALADOR DE REDES INFORMÁTICAS,250,"Secundaria o Equivalente + ""Mantenimiento y reparacion de equipos informaticos""",Nivel III,Ministerial ,Rev. RED- II H, Expediente Nº 51/13,
,,12,AUXILIAR EN INFORMÁTICA Cisco IT Essentials,250,Secundario o Equivalente,Nivel III,CISCO-INET,DC - FORM - 03 - Nuevo - STFP II,Expediente N° 76/16,
,,13,PROGRAMADOR ,364,Secundaria o Equivalente ,Nivel III,Ministerial,Marco de Referencia ,Res. CFE N° 289/16,
,,14,INSTALADOR EN REDES INFORMÁTICAS Cisco Networking Essentials,125,Secundaria o Equivalente  + Acreditar conocimiento de P.C.,Nivel III,Ministerial,DC - FORM - 03 - Equipo de Diseño 2018, Expediente Nº 90/19,
,,15,ASISTENTE EN SEGURIDAD INFORMÁTICA,125,Secundaria o Equivalente  + Acreditar conocimiento de P.C.,Nivel III,Ministerial,, Expediente Nº 91/19,
,,16,OPERADOR BÁSICO DE IMPRESORAS 3D,125,Ciclo Básico o EGB 3  + Acreditar manejo  de P.C.,Nivel III,Ministerial,DC - FORM - 03 - Equipo de Diseño 2021,,
,,20,MODELADOR PARA IMPRESIÓN 3D,240,Ciclo Básico o EGB 3  + Acreditar manejo  de P.C.,Nivel II,Ministerial,DC - FORM - 03 - Equipo de Diseño 2025,,
III,SERVICIOS PARA LA INDUSTRIA Y EL COMERCIO,02,ATENCIÓN AL CLIENTE,125,Primaria o Equivalente,Nivel II,Ministerial  ,Rev. STFP II B,,
,,03,AUXILIAR DE COMERCIO Y OFICINA,125,Ciclo Básico o EGB 3,Nivel III,Ministerial  ,,,
,,04,COMMUNITY MANAGER,125,Secundaria o Equivalente  + Acreditar conocimiento de P.C.,Nivel III,Ministerial,DC - FORM - 03 - Equipo de Diseño 2021,,
,,05,ESTAMPADOR EN SERIGRAFÍA,125,Ciclo Básico o EGB 3 + Acreditar conocimiento de P.C.,Nivel III,Ministerial,DC - FORM - 03 - Equipo de Diseño 2023,,
,,08,OPERADOR DE GRÚA MOVIL,250,Secundario o Equivalente,Nivel III,Ministerial,Marco de Referencia,Res. CFE Nro. 482/24 Anexo IV,
IV, SERVICIOS GENERALES,01,CERRAJERO,125,Primaria o Equivalente,Nivel II,Ministerial ,Rev. STFP II C,,
,,02,MANTENIMIENTO DE JARDINES,125,Lecto escritura y Cálculo,Nivel I,Ministerial ,,,
,,03,JARDINERO,125,Mantenimiento de Jardines,Nivel I,Ministerial ,Rev. STFP II E, Expediente Nº 36/11,
,,04,TAPICERO EN MUEBLES,250,Primaria o Equivalente,Nivel II,Ministerial,DC - FORM - 03 - Equipo de Diseño 2021,,
,,05,MANTENIMIENTO DE EDIFICIOS,250,Primaria o Equivalente,Nivel II,Ministerial ,Rev. STFP II B,,
,,06,DECORACIÓN DE INTERIORES,175,Ciclo Básico o EGB 3 ,Nivel III,Ministerial ,Rev. STFP II G,,
,,07,INSTALADOR/A DE SISTEMAS DE CIRCUITO CERRADO DE MONITOREO POR CAMARAS,125,Ciclo Básico o EGB 3 ,Nivel III,Ministerial ,DC - FORM - 03 - Equipo de Diseño 2022,,
V, SEGURIDAD Y MEDIO AMBIENTE,01,BOMBERO  Nivel I,469,Primaria o Equivalente,Nivel II,Ministerial  ,DC - FORM - 03 - Equipo de Diseño 2020,Expediente Nº825/2020 ME - Disposicion 02/2020 coord FP,
,,02,GUARDAVIDAS,730,Secundaria o Equivalente ,Nivel III,Ministerial  ,DC - FORM - 03 - Equipo de Diseño 2024,Res. CFE Nº399/21 Anexo IV,
,,03,AGENTE DE POLICÍA,875,Secundario o Equivalente + Punto: II-3 Perfil del Ingresante Diseño Curricular,Nivel III,Ministerial,DC - FORM - 03 - Equipo de Diseño 2018 ,Res. N° 599/18 M-E,
,,06,BOMBERO Nivel II,350,Bombero Nivel I e Item III.3 Referencial de Ingreso del Marco de Referencia,Nivel III,Ministerial,Marco de Referencia,Res. CFE Nro. 399/2021 Anexo I,
,,07,AGENTE DE SEGURIDAD Y TRATAMIENTO PENITENCIARIO,,Secundario o Equivalente + Punto: II-3 Perfil del Ingresante Diseño Curricular,Nivel III,Ministerial,DC - FORM - 03 - Equipo de Diseño 2022,CONDICIONAL,CONDICIONAL
VI, COMUNICACIÓN MULTIMEDIAL,01,AUXILIAR EN OPERACIÓN RADIOFÓNICA,250,Primaria o Equivalente + acreditar manejo PC,Nivel II,Ministerial,Rev. STFP II D, Expediente Nº 03/10,
,,02,AUXILIAR EN PRODUCCIÓN RADIOFÓNICA,250,Ciclo Básico o EGB 3 ,Nivel III,Ministerial,, Expediente Nº 18/10,
,,03,AUXILIAR EN REDACCIÓN PARA MEDIOS DE COMUNICACIÓN ,250,Secundaria o Equivalente + Acreditar manejo de PC,Nivel III,Ministerial,Rev. STFP II E, Expediente Nº 24/11,
VII,TURISMO Y HOTELERÍA,02,RECEPCIONISTA DE HOTEL,360,Primaria o Equivalente,Nivel II,Ministerial ,Marco de Referencia,Por Res. CFE Nº 149/11 Anexo 16,
,,03,CAMARERA DE HOTEL,125,Primaria o Equivalente,Nivel II,Ministerial ,DC - FORM. 03 FP Nuevo STFP II - I,,Elaborado por Equip. Área  de Evaluación - Expediente N° 65/15
,,04,MUCAMA,240,Lecto escritura y Cálculo,Nivel I,Ministerial ,Marco de Referencia,Por Res. CFE Nº 149/11 Anexo  11,
,,05,AMA DE LLAVES,360,Primaria o Equivalente,Nivel II,Ministerial ,,Por Res. CFE Nº 149/11 Anexo 08,
,,07,ORGANIZADOR DE EVENTOS,360,Primaria o Equivalente,Nivel II,Ministerial ,,Por Res. CFE Nº 149/11 Anexo  12,
,,08,ORGANIZADOR DE OPERACIONES HOTELERAS,800,Secundaria o Equivalente ,Nivel III,Ministerial ,,Por Res. CFE Nº 149/11 Anexo 13,
,,11,OPERADOR DE SERV. AGROTURÍSTCOS,500,Secundaria o Equivalente ,Nivel III,Ministerial ,Rev. RED II D, Expediente Nº 17/10,
,,16,ANFITRIÓN TURÍSTICO,125,Primaria o Equivalente,Nivel II,Ministerial,DC - FORM - 03 - Equipo de Diseño 2023,,
,,19,COORDINADOR/A TURÍSTICO,450,Secundario o Equivalente,Nivel III,Ministerial  ,Marco de Referencia,Por Res. CFE N° 460/23 Anexo 1,
VIII,GASTRONOMIA,05,MOZO/CAMARERO DE SALÓN ,250,Lecto escritura y Cálculo,Nivel I,Ministerial,Marco de Referencia,Por Res. CFE Nº149/11 Anexo 10,
,,06,RESPONSABLE  DE BARRA,250,Ciclo Básico o EGB 3 - Acreditar Mozo,Nivel III,Ministerial,Rev. STFP II E, Expediente Nº 25/10,
,,08,AUXILIAR DE COCINA,120,Primaria o Equivalente,Nivel II,Ministerial,TF - FORM - 03 - Equipo de Diseño 2023,,
IX, INDUSTRIA ALIMENTARIA,01,AUXILIAR EN ELABORACIÓN DE ALIMENTOS,125,Primaria o Equivalente,Nivel II,Ministerial,DC - FORM - 03 - Equipo de Diseño 2018,Expediente N° 86/2018 antes Expediente Nº 11/10 ,
,,06,ELABORACIÓN DE EMBUTIDOS Y CHACINADOS,250,Primaria o Equivalente,Nivel II,Ministerial,Rev. STFP II G,Expediente Nº 46 /12 - Incluye Módulo de Gestión y Comercialización,
,,09,INSPECTOR  EN CONTROL DE ALIMENTOS,250,Secundaria o Equivalente ,Nivel III,Ministerial,DC - FORM - 03 - Equipo de Diseño 2018,Expediente N° 81/2018 antes Expediente Nº 11/10 ,
,,10,AUXILIAR EN PREPARACIÓN DE SERVICIOS DE CATERING,125,Primaria o Equivalente,Nivel II,Ministerial,Rev. STFP II H, Expediente Nº 56/14,
,,12,ELABORADOR DE QUESOS,450,Secundaria o Equivalente,Nivel III,Ministerial,Marco de Referencia,Por Res. CFE Nº 353/19 Anexo II,
,,13,ELABORADOR DE PRODUCTOS HELADOS,450,Secundaria o Equivalente,Nivel III,Ministerial,,Por Res. CFE Nº 353/19 Anexo III,
,,14,OPERARIO DE MICROCERVECERÍA,125,Primaria o Equivalente,Nivel II,Ministerial,DC - FORM - 03 - Equipo de Diseño 2022,,
,,15,OPERADOR DE ELABORACIÓN DE ALIMENTOS,120,Primaria o Equivalente,Nivel II,Ministerial,DC - FORM - 03 - Equipo de Diseño 2023,,
,,21,ELABORADOR/A DE PRODUCTOS LÁCTEOS DIVERSIFICADOS,450,Primaria o Equivalente,Nivel II,Ministerial,Marco de Refencia,Por Res. CFE N° 460/23 Anexo 1,
X,INDUSTRIA DE LA MADERA   ,01,"OPERADOR/A DE CLASIFICACION, CORTE Y ARMADO DE BASTIDORES DE MADERA",250,Primaria o Equivalente ,Nivel II,Ministerial,Marco de Referencia,Por Res. CFE N° 399/21 Anexo VI,
,,02,CARPINTERO BÁSICO  ,250,Primaria o Equivalente ,Nivel II,Ministerial,DC - FORM - 03 - Equipo de Diseño 2018,Expediente N° 83/2018,
,,07,AUXILIAR DE ASERRADERO,200,Lecto escritura y Cálculo,Nivel I,Ministerial  ,Marco de Referencia, Por Res. CFE N° 158/11 Anexo 01,
,,08,OPERADOR DE MÁQUINA PRINCIPAL DE ASERRADERO,250,Primaria o Equivalente,Nivel II,Ministerial  ,, Por Res. CFE N° 158/11 Anexo 03,
,,09,OPERADOR DE MOLDURERA ,250,Primaria o Equivalente,Nivel II,Ministerial  ,, Por Res. CFE N° 158/11 Anexo 04,
,,10,OPERADOR DE SALA DE AFILADO ,250,Primaria o Equivalente,Nivel II,Ministerial  ,, Por Res. CFE N° 158/11 Anexo 02,
,,11,OPERADOR DE SECADO Y TRATAMIENTO TÉRMICO DE LA MADERA,250,Primaria o Equivalente,Nivel II,Ministerial  ,, Por Res. CFE N° 158/11 Anexo 05,
,,13,CARPINTERO DE OBRA FINA,250,Primaria o Equivalente,Nivel II,Ministerial  ,, Por Res. CFE N° 108/10 Anexo 06,
,,14,OPERADOR DE HERRAMIENTAS Y MÁQUINAS MANUALES DE CARPINTERÍA,120,Primaria o Equivalente,Nivel II,Ministerial,DC - FORM - 03 - Equipo de Diseño 2023,,
,,18,ARMADOR Y MONTADOR DE PLATAFORMAS Y ENTRAMADOS DE COMPONENTES EN MADERA,250,Ciclo Básico o EGB 3,Nivel III,Ministerial,DC - FORM - 03 - Equipo de Diseño 2023,,
XI,INDUSTRIA TEXTIL,01,HILANDERO ARTESANAL Y TEÑIDO,125,Lecto escritura y Cálculo,Nivel I,Ministerial,Rev. STFP II - F, Expediente Nº 42/12,
,,02,TEJEDOR A TELAR ARTESANAL,250,Lecto escritura y Cálculo,Nivel I,Ministerial,, Expediente Nº 43/12,
,,03,CONFECCIÓN DE PRENDAS EN TELAR,125,Tejedor a Telar Artesanal,Nivel I,Ministerial,Rev. STFP II H,Expediente Nº 53/13,
,,04,TEJEDOR A MANO Y  MÁQUINA,125,Lecto escritura y Cálculo,Nivel I,Ministerial,A Compl.,,
,,05,DISEÑADOR ARTESANAL EN TELAR,125,Primaria o Equivalente + Tejedor a Telar Artesanal,Nivel II,Ministerial,Rev. STFP II C,,
XII, INDUSTRIA DE LA INDUMENTARIA ,01,AUXILIAR DE CORTE Y CONFECCIÓN,120,Primaria o Equivalente,Nivel II,Ministerial ,DC - FORM - 03 - Equipo de Diseño 2024,,
,,03,OPERADOR DE MÁQUINAS PARA LA CONFECCIÓN DE INDUMENTARIA,180,Lecto Escritura y cálculo,Nivel I,Ministerial,Marco de Referencia,Por Res. CFE Nº 150/11 Anexo 13,
,,04,OPERADOR CORTADOR DE INDUMENTARIA INDUSTRIAL,240,Primaria o Equivalente,Nivel II,Ministerial,,Por Res. CFE Nº 150/11 Anexo 12,
,,05,MODELISTA PATRONISTA,240,Primaria o Equivalente,Nivel II,Ministerial,,Por Res. CFE Nº 150/11 Anexo 11,
,,06,COSTURERA/O INDUSTRIAL,250,Lecto escritura y Cálculo,Nivel I,Ministerial ,Rev. STFP II C,,
XIII, INDUSTRIA DEL CUERO,01,CURTIEMBRE ARTESANAL,250,Lecto escritura y Cálculo,Nivel I,Ministerial ,Rev. STFP II H,Expediente Nº 59/14,
,,02,LABOREO ARTESANAL EN CUERO CRUDO - SOGUERÍA,125,Lecto escritura y Cálculo,Nivel I,Ministerial ,Rev. STFP II C,,
,,03,CURTIDO DE PIELES DE PESCADO,125,Lecto escritura y Cálculo,Nivel I,Ministerial ,Rev. STFP II H,Expediente Nº 54/13,
XIV, INDUSTRIA PAPELERA,,,,,,,,,
XV, INDUSTRIA CERAMISTA Y DEL VIDRIO,,,,,,,,,
XVI, INDUSTRIA DEL PLÁSTICO ,,,,,,,,,
XVII, INDUSTRIAS DE PETRÓLEO /GAS,,,,,,,,,
XVIII, INDUSTRIA MINERA,,,,,,,,,
XIX, ACTIVIDAD PESQUERA,,,,,,,,,
XX, PRODUCCIÓN AGROPECUARIA ,01,OPERARIO APÍCOLA,125,Lecto escritura y Cálculo,Nivel I,Ministerial ,Marco de Referencia,Por Res. CFE N° 25/07 Anexo 03,
,,02,ASISTENTE APÍCOLA,250,Primaria o Equivalente,Nivel II,Ministerial ,,Por Res. CFE N° 25/07 Anexo 02,
,,03,APICULTOR,400,Secundario o Equivalente,Nivel III,Ministerial,,Por Res. CFE N° 25/07 Anexo 01,
,,04,AUXILIAR EN PRODUCCIÓN AGROPECUARIA,250,Primaria o Equivalente,Nivel II,Ministerial ,Rev. STFP II B,,
,,05,PRODUCTOR FRUTÍCOLA,175,Aux.en Producción Agropecuaria o acreditar experiencia afín,Nivel II,Ministerial ,Rev. STFP II E, Expediente N° 28/10,
,,06,OPERARIO HORTÍCOLA,180,Lecto escritura y Cálculo,Nivel I,Ministerial ,Marco de Referencia, Por Res. CFE N° 178/12 Anexo 14,
,,07,HORTICULTOR,400,Ciclo Básico o EGB 3,Nivel III,Ministerial ,, Por Res. CFE N° 178/12 Anexo 13,
,,08,PRODUCTOR DE PLANTAS AROMÁTICAS,175,Aux.en Producción Agropecuaria o acreditar experiencia afín,Nivel II,Ministerial ,Rev. STFP II E,Exp.Nº 31/11- Incl. Mód. de Gestión y Comercialización,
,,09,INVENTARIADOR/A,240,Primaria o Equivalente,Nivel II,Ministerial,Marco de Referencia, Por Res. CFE N° 399/21 Anexo V,
,,10,PRODUCTOR/A DE PORCINOS,375,Ciclo Básico o EGB 3,Nivel III,Ministerial ,, Por Res. CFE N° 399/21 Anexo VII,
,,11,OPERARIO EN PRODUCCIÓN LECHERA,240,Lecto  escritura y Cálculo,Nivel I,Ministerial,,Por Res. CFE N° 150/11 Anexo 02,
,,12,ASISTENTE EN PRODUCCIÓN LECHERA,350,Primaria o Equivalente,Nivel II,Ministerial,,Por Res. CFE N° 150/11 Anexo 01,
,,13,ASISTENTE DE PRODUCCION PORCINA,300,Primaria o Equivalente,Nivel II,Ministerial,, Por Res. CFE N° 399/21 Anexo VIII,
,,14,AUXILIAR EN PRODUCCIÓN DE ESPECIES  NATIVAS,125,Lecto escritura y Cálculo,Nivel I,Ministerial,Rev. STFP II H, Expediente Nº 58/14,
,,15,OPERARIO DE EXTRACCIÓN DE ACEITES ESCECIALES,125,Primaria o Equivalente,Nivel II,Ministerial,DC - FORM - 03 - Equipo de Diseño 2019, Expediente Nº 92/19,
,,16,ELABORADOR/A DE COMPOST Y SUSTRATOS,200,Primaria o Equivalente,Nivel II,Ministerial,Marco de Referencia,Res. CFE Nro. 482/24 Anexo VI,
,,17,ARMADOR DE INVERNÁCULOS,180,Primaria o Equivalente,Nivel II,Ministerial,,Res. CFE Nro. 482/24 Anexo VII,
XXI,MECÁNICA AUTOMOTRIZ ,02,AUXILIAR  ELECTRICISTA DEL AUTOMOTOR,250,Primaria o Equivalente,Nivel II,Ministerial  ,DC - FORM - 03 - Nuevo - STFP II H,Elaborado por. Área de Evaluación  Expediente Nº 61/14,Elaborado por. Área de Evaluación  Expediente Nº 61/14
,,03,ELECTRICISTA  DE AUTOMOTORES,500, Ciclo Básico o EGB 3,Nivel III,Ministerial  ,Marco de Referencia,Por Res. CFE Nº 149/11 Anexo 01,
,,05,AUXILIAR MECÁNICO DE MOTORES NAFTEROS,250,Primaria o Equivalente,Nivel II,Ministerial,Diseño Curricular , Res. 36/15 ME-Chubut - Res.  RINET-Homologación N° 368/16,
,,08,MECÁNICO DE SISTEMAS DE ENCENDIDO Y ALIMENTACIÓN,440,Ciclo Básico o EGB 3,Nivel III,Ministerial,Marco de Referencia,Por Res. CFE N° 48/08 Anexo 02,
,,09,MECÁNICO DE SISTEMAS DE INYECCIÓN DIESEL,440,Ciclo Básico o EGB 3,Nivel III,Ministerial ,Diseño Curricular , Res. 36/15 ME-Chubut - Res.  RINET-Homologación N° 368/16,
,,10,MECÁNICO INSTALADOR DE EQUIPOS DE GNC,440,Secundaria o Equivalente,Nivel III,Ministerial  ,Marco de Referencia, Por Res. CFE N° 108/10 Anexo 13,
,,11,MECÁNICO DE TRANSMISIONES ,400,Ciclo Básico o EGB 3,Nivel III,Ministerial  ,, Por Res. CFE N° 178/12 Anexo 03,
,,12,MECÁNICO DE SIST. DE SUSPENSIÓN Y DIRECCIÓN DEL AUTOMOTOR,400,Ciclo Básico o EGB 3,Nivel III,Ministerial ,, Por Res. CFE N° 178/12 Anexo 04,
,,13,MECÁNICO DE SISTEMAS DE FRENOS,480,Ciclo Básico o EGB 3,Nivel III,Ministerial  ,,Por Res. CFE N° 48/08 - Anexo 01,
,,14,CHAPISTA DE AUTOMOTORES,350,Primaria o Equivalente,Nivel II,Ministerial  ,, Por Res. CFE N° 178/12 Anexo 05,
,,15,PINTOR DE AUTOMOTORES,280,Primaria o Equivalente,Nivel II,Ministerial ,, Por Res. CFE N° 178/12 Anexo 06,
,,16,MECANICO DE SISTEMA DE AIRE ACONDICIONADO Y CALEFACION,250,Ciclo Básico o EGB 3,Nivel III,Ministerial ,Rev. STFP II B,A COMPLETAR,A COMPLETAR
,,17,GOMERO BALANCEADOR,180,Primaria o Equivalente,Nivel II,Ministerial,Marco de Referencia,Por Res. CFE N° 130/11 Anexo 05,
,,18,MECÁNICO ELECTRÓNICO DE AUTOMOTORES,800,Secundaria o Equivalente,Nivel III,Ministerial  ,,Por Res. CFE Nº 149/11 Anexo 03,
,,19,RECTIFICADOR DE MOTORES DE COMBT. INTERNA,480,Ciclo básico o EGB 3,Nivel III,Ministerial,,Por Res. CFE Nº 149/11 Anexo 04,
,,20,MECÁNICO DE MOTOS,600,Secundario o Equivalente,Nivel III,Ministerial  ,,Por Res. CFE Nº 149/11 Anexo 02,
XXII, MECÁNICA AGRÍCOLA ,01,MECÁNICO DE MOTORES DE 2 Y 4 TIEMPOS DE BAJA CILINDRADA,250,Ciclo Básico o EGB 3,Nivel III,Ministerial  ,DC - FORM - 03 - Equipo de diseño 2023,,
XXIII,ACTIVIDAD VIAL Y TRANSPORTE ,01,AUXILIAR EN TOPOGRAFÍA.,375,Secundaria o Equivalente + Manejo de PC y Dibujo Técnico,Nivel III,Ministerial  ,DC - FORM - 03 - STFP II H,Expediente N° 72/16 ,
XXIV, MECÁNICA NAVAL ,01,CALDERERO NAVAL,300,Primaria o Equivalente,Nivel II,Ministerial,Marco de Referencia,Res. CFE Nro. 482/24 Anexo I,
,,02,MECÁNICO NAVAL,540,Ciclo Básico de ETP o Secundario Orientado,Nivel III,Ministerial,,Res. CFE Nro. 482/24 Anexo III,
XXV,CONSTRUCCIONES CIVILES,01,AUXILIAR EN CONSTRUCCIONES,125,Lecto  escritura y Cálculo,Nivel I,Ministerial ,Marco de Referencia, Por Res. CFE N° 108/10 Anexo 03,
,,02,ARMADOR Y MONTADOR DE ANDAMIOS P/Ob. Civiles,180,Primaria o Equivalente,Nivel II,Ministerial ,,Por Res. CFE Nº 150/11 Anexo 03,
,,03,ALBAÑIL ,250,Primaria o Equivalente,Nivel II,Ministerial  ,,Por Res. CFE N° 108/10 Anexo 01 ,
,,04,EJECUTOR DE REVOQUES Y TERMINACIONES,125,Auxiliar en Construcciones,Nivel I,Ministerial,Rev. STFP II C,,
,,05,CARPINTERO PARA HORMIGÓN ARMADO,125,Primaria o Equivalente,Nivel II,Ministerial,Marco de Referencia, Por Res. CFE N° 108/10 Anexo 07,
,,06,ARMADOR DE HIERRO PARA HORMIGÓN ARMADO,125,Primaria o Equivalente,Nivel II,Ministerial  ,, Por Res. CFE N° 108/10 Anexo 02,
,,07,COLOCADOR DE REVESTIMIENTOS CON BASE HÚMEDA,250,Primaria o Equivalente,Nivel II,Ministerial,, Por Res.CFE N° 108/10 Anexo 08,
,,08,AUXILIAR EN INSTALACIONES SANITARIAS Y DE GAS DOMICILIARIAS,81,Lecto escritura y Cálculo,Nivel I,Ministerial  ,DC - FORM - 03 - Equipo de Diseño 2024, Por Res. CFE N° 204/13 Anexo II- Reemplaza a Res. Nº 108-10,
,,09,MONTADOR DE INSTALACIONES SANITARIAS DOMICILIARIAS,250,Primaria o Equivalente,Nivel II,Ministerial ,Marco de Referencia, Por Res. CFE N° 108/10 Anexo 10,
,,12,AUXILIAR EN CONSTRUCCIÓN EN SECO - con componentes livianos,70,Lecto Escritura,Nivel I,Ministerial,DC - FORM - 03 - Equipo de Diseño 2024,Por Res. CFE Nº 150/11 Anexo 06,
,,15,YESERO,250,Primaria o Equivalente,Nivel II,Ministerial ,Marco de Referencia,Por Res. CFE Nº 150/11 Anexo 09,
,,16,COLOCADOR DE REVESTIMIENTOS DECORATIVOS Y FUNCIONALES,250,Primaria o Equivalente,Nivel II,Ministerial ,,Por Res. CFE Nº 150/11 Anexo 07,
,,17,COLOCADOR DE ADOQUINES PARA PAVIMENTO URBANO,125,Lecto  escritura y Cálculo,Nivel I,Ministerial ,Rev. STFP II C,,
,,18,AUXILIAR TECHISTA,125,Primaria o Equivalente,Nivel II,Ministerial ,Rev. STFP II B,,
,,19,TECHISTA DE FALDONES INCLINADOS,250,Primaria o Equivalente,Nivel II,Ministerial ,Marco de Referencia, Por Res. CFE N° 108/10 Anexo 11,
,,20,PINTOR DE OBRA,180,Primaria o Equivalente,Nivel II,Ministerial ,,Por Res. CFE Nº 150/11 Anexo 08,
,,21,AUXILIAR GAVIONERO,125,Primaria o Equivalente,Nivel II,Ministerial ,DC FORM. 03 FP Nuevo STFP II - I,Expediente N° 67/15,
,,25,CONFORMADOR DE BLOQUES Y ADOQUINES DE HORMIGÓN,125,Primaria o Equivalente,Nivel I,Ministerial,DC - FORM - 03 - Equipo de diseño 2022,,
,,27,MONTADOR/A DE ENTRAMADO DE MADERA,320,Primaria o Equivalente,Nivel II,Ministerial,Marco de Referencia,Res. CFE Nro. 482/24 Anexo II,
XXVI, ELECTRÓNICA,01,MANTENIMIENTO Y REPARACIÓN DE EQUIPOS ELECTRÓNICOS,250,Ciclo Básico o EGB 3,Nivel III,Ministerial,DC - FORM - 03 - Equipo de diseño 2023,,
XXVII,ENERGÍA ELÉCTRICA,01,AUXILIAR EN INSTALACIONES ELÉCTRICAS DOMICILIARIAS  ,125,Lecto  escritura y Cálculo,Nivel I,Ministerial ,Diseño Curricular , Res. 36/15 ME-Chubut - Res.  RINET-Homologación N° 372/16,
,,04,INSTALADOR DE SIST. DE MUY BAJA TENSIÓN (MTB),250,Primaria o Equivalente,Nivel II,Ministerial,Marco de Referencia, Por Res- CFE 178/12 Anexo 10,
,,05,AUXILIAR ELECTRICISTA INDUSTRIAL,250,Primaria o Equivalente,Nivel II,Ministerial,Diseño Curricular , Res. 36/15 ME-Chubut - Res.  RINET-Homologación N° 377/16,
,,06,ELECTRICISTA INDUSTRIAL,440,Secundaria o Equivalente,Nivel III,Ministerial,, Res. 36/15 ME-Chubut - Res.  RINET-Homologación N° 372/16,
,,07,ELECTRICISTA DE CENTRALES DE GENERACIÓN DE ENERGÍA ELÉCTRICA ,540,Secundaria o Equivalente,Nivel III,Ministerial,Marco de Referencia, Por Res- CFE N° 178/12 Anexo 07,
,,08,ELECTRICISTA DE REDES DE ALTA TENSIÓN,600,Secundaria o Equivalente,Nivel III,Ministerial,, Por Res- CFE N° 178/12 Anexo 08,
,,09,MONTADOR TABLERISTA EN SIST. DE POTENCIA,440,Ciclo Básico o EGB 3 ,Nivel III,Ministerial,, Por Res- CFE N° 178/12 Anexo 11,
,,11,MANTENIMIENTO DE MÁQUINAS Y HERRAMIENTAS ELÉCTRICAS,125,"""Electricista en Inmuebles 12Kva"" o ""Electricista Industrial""",Nivel II,Ministerial  ,Rev. STFP II C,,
,,12,BOBINADOR DE MÁQUINAS ELÉCTRICAS,360,Primaria o Equivalente,Nivel II,Ministerial,Marco de Referencia, Por Res- CFE N° 178/12 Anexo 12,
,,13,AUXILIAR ELECTRICISTA DE REDES DE DISTRIBUCIÓN DE M/B TENSIÓN,250,Primaria o Equivalente,Nivel II,Ministerial,,Por Res. CFE N° 130/11 Anexo 06,
,,14,ELECTRICISTA DE REDES DE DISTRIBUCIÓN DE M/B TENSIÓN,600,Secundaria o Equivalente,Nivel III,Ministerial,,Por Res. CFE Nº 149/11 Anexo 05,
,,15,INSTALADOR/A Y REPARADOR/A DE EQUIPOS DE CLIMATIZACION,360,Ciclo Básico o EGB 3 ,Nivel III,Ministerial,,Por Res. CFE Nº 399/21 Anexo II,
XXVIII,ELECTROMECÁNICA,01,INSTALADOR DE SISTEMAS DE AUTOMATIZACIÓN,504,Secundaria o Equivalente,Nivel III,Ministerial,Marco de Referencia,Por Res. CFE Nº 353/19 Anexo I,
,,02,AUXILIAR EN AUTOMATIZACIÓN DIGITAL,125,Ciclo Básico o EGB 3  + Acreditar manejo  de P.C.,Nivel II,Ministerial,DC - FORM - 03 - Equipo de Diseño 2021,,
,,03,MANTENIMIENTO Y REPARACIÓN DE ELECTRODOMESTICOS,250,Priomaria o equivalente  + Acreditar manejo  de P.C.,Nivel II,Ministerial,DC - FORM - 03 - Equipo de Diseño 2024,,
XXIX,METALMECÁNICA,01,AUXILIAR METALÚRGICO,125,Primaria o Equivalente,Nivel II,Ministerial ,Rev. RED- II E,Expediente Nº 26/10,
,,02,OPERARIO METALÚRGICO,250,"Acreditar ""Herrero básico"" o ""Soldador básico""",Nivel II,Ministerial  ,,Expediente Nº 21/10,
,,03,OPERARIO DE TALLER METALÚRGICO,500,Primaria o Equivalente,Nivel II,Ministerial  ,,Expediente Nº 09/10,
,,04,AUXILIAR HERRERO,130,Primaria o Equivalente,Nivel II,Ministerial,DC - FORM - 03 - Equipo de Diseño 2023,,
,,07,SOLDADOR BÁSICO,150,Primaria o Equivalente,Nivel II,Ministerial  ,DC - FORM - 03 - Equipo de Diseño 2023, Por Res. CFE N° 108/10 Anexo 16,
,,08,SOLDADOR NIVEL II - MIG-MAG Y TIG ,125,"Acreditar ""Operario de Taller Metalúrgico"",  ""Herrero básico"" o ""Soldador básico""",Nivel II,Ministerial  ,Rev. RED- II E,Expediente Nº 22/10,
,,10,CARPINTERÍA METÁLICA Y DE PVC,320,Primaria o Equivalente,Nivel II,Ministerial,Marco de Referencia,Por Res. CFE N° 130/11 Anexo 01,
,,11,TORNERO,300,Primaria o Equivalente,Nivel II,Ministerial,DC - FORM - 03 - Equipo de Diseño 2025,Por Res CFE N° 48/08 - Anexo 04,
,,12,FRESADO,320,Primaria o Equivalente,Nivel II,Ministerial,,Por Res CFE N° 48/08 - Anexo 05,
,,13,RECTIFICADOR,280,Primaria o Equivalente,Nivel II,Ministerial  ,Marco de Referencia, Por Res CFE N° 108/10 Anexo 15,
,,14,MECÁNICO EN AJUSTE Y TORNERÍA,1500,Ciclo Básico o EGB 3 ,Nivel III,Ministerial  ,Rev. STFP II B,,
,,15,OPERADOR DE MÁQUINAS COMANDADAS A CNC PARA EL ARRANQUE DE VIRUTA,660,Primaria o Equivalente,Nivel II,Ministerial,Marco de Referencia,Por Res CFE N° 130/11- Anexo 03,
,,16,PROGRAMADOR DE MÁQUINAS COMANDADAS A CNC PARA EL ARRANQUE DE VIRUTA,760,Secundaria o Equivalente,Nivel III,Ministerial  ,,Por Res CFE N° 130/11- Anexo 02,
,,17,PROGRAMADOR Y OPERADOR DE MÁQUINAS COMANDADAS A CNC PARA EL CONFORMADO DE MATERIALES,420,Secundaria o Equivalente,Nivel III,Ministerial,,Por Res. CFE N° 149/11 Anexo 18,
,,18,MODELISTA EN MADERAS,320,Primaria o Equivalente,Nivel II,Ministerial ,, Por Res- CFE N° 178/12 Anexo 16,
,,19,MOLDEADOR,250,Primaria o Equivalente,Nivel II,Ministerial ,, Por Res- CFE N° 178/12 Anexo 15,
,,20,OPERADOR DE HORNOS PARA TRATAMIENTOS TÉRMICOS,320,Primaria o Equivalente,Nivel II,Ministerial ,, Por Res- CFE N° 178/12 Anexo 18,
,,21,OPERADOR DE HORNOS A INDUCCIÓN PARA LA FUSIÓN DE METALES,180,Primaria o Equivalente,Nivel II,Ministerial ,, Por Res- CFE N° 178/12 Anexo 19,
,,22,OPERADOR DE HORNO CUBILOTE,250,Primaria o Equivalente,Nivel II,Ministerial ,, Por Res- CFE N° 178/12 Anexo 20,
,,23,OPERADOR DE MÁQUINAS E INSTRUMENTOS DE MEDICIÓN,250,Primaria o Equivalente,Nivel II,Ministerial ,, Por Res- CFE N° 178/12 Anexo 21,
,,24,AUXILIAR DE LABORATORIO,440,Primaria o Equivalente,Nivel II,Ministerial ,, Por Res- CFE N° 178/12 Anexo 22,
,,25,OPERADOR DE MATRICERÍA,800,Ciclo Básico o EGB 3 ,Nivel III,Ministerial,, Por Res- CFE N° 178/12 Anexo 17,
,,26,ZINGUERO,280,Primaria o Equivalente,Nivel II,Ministerial  ,,Por Res CFE N° 130/11- Anexo 04,
,,27,PLEGADOR,240,Primaria o Equivalente,Nivel II,Ministerial ,,Por Res. CFE N° 149/11 Anexo 17,
,,28,AYUDANTE DE TALLER FERROVIARIO,500,Primaria o Equivalente,Nivel II,Ministerial ,Rev. STFP II E,Expediente Nº 32/11,
,,29,OPERARIO INDUSTRIAL MÚLTIPLE,1000, Ciclo Básico o EGB 3 ,Nivel III,Ministerial ,Rev. STFP II H,Expediente Nº 52/13,
XXX,SISTEMAS HIDRÁULICOS Y NEUMÁTICOS,,,,,,,,,
XXXI,CLIMATIZACIÓN Y REFRIGERACIÓN,01,"MEC. DE HELADERAS FAMILIARES , COMERCIALES Y AIRE ACONDICIONADO",250, Ciclo Básico o EGB 3 ,Nivel III,Ministerial ,Rev. STFP II E,Expediente Nº 23/10,
,,02,OPERADOR DE EQUIPOS E INSTALACIONES FRIGORÍFICAS,250,Técnico o Certificar códigos 03 o 05 área XXVII o acreditar actividad afín,Nivel III,Ministerial ,Rev. STFP II D,Expediente N° 10/10 - * Sólo en convenio con empresas para realizar prácticas módulo 11,
XXXII,ARTES Y OFICIOS ARTÍSTICOS,,,,,,,,,
XXXIII,SERVICIOS PARA LA ESTÉTICA PERSONAL,01,PEINADOR/A,125,Ciclo Basico o EGB 3,Nivel II,Ministerial,DC - FORM - 03 - Equipo de diseño 2023,,
,,06,MAQUILLADOR/A,125,Ciclo Basico o EGB 3,Nivel II,Ministerial,DC - FORM - 03 - Equipo de Diseño 2022,,
,,09,MANICURA,125,Ciclo Basico o EGB 3,Nivel II,Ministerial,,,
,,10,COSMETÓLOGO/A ESTETICISTA,480,Secundario o Equivalente,Nivel III,Ministerial,Marco de Referencia,Res CFE N° 438/22 Anexo I,
XXXIV,SERVICIO PARA LA SALUD,01,AUXILIAR DE FAMILIA ESPECIALIZADO EN CUIDADOS,250,Primaria o Equivalente,Nivel II,Ministerial  ,DC - FORM - 03 - Equipo de Diseño 2021,,
,,02,AUXILIAR EN CUIDADOS GERONTOLÓGICO,380,Primaria o Equivalente,Nivel II,Ministerial  ,Marco de Referencia,Por Res. CFE N° 149/11 Anexo 19,
,,03,OPERADOR SOCIOCOMUNITARIO,250,Secundario o Equivalente,Nivel III,Ministerial  ,DC - FORM - 03 - Nuevo - STFP II ,Expediente N° 71/16,
,,05,AUXILIAR EN CUIDADO DE NIÑOS - NIÑERA/O,250,Ciclo Basico o EGB 3,Nivel II,Ministerial  ,DC - FORM - 03 - Equipo de Diseño 2023,,
XXXV,ADMINISTRACIÓN PUBLICA,03,AUXILIAR DE MANTENIMIENTO EN ESTABLECIMIENTOS Y ÁREAS PÚBLICAS,250,Primaria o Equivalente,Nivel II,Ministerial  ,DC - FORM - 03 - Nuevo - STFP II H,Elaborado por. Área  de Evaluación  Expediente Nº 62/14,
,,04,AUXILIAR ADMINISTRATIVO/CONTABLE PARA INSTITUCIONES EDUCATIVAS  ,250, Secundaria o Equivalente ,Nivel III,Ministerial  ,DC - FORM - 03 - Nuevo - STFP II ,Solo por solicitud de La D.G.E.R.A. y FP Expediente N° 70/16,
,,05,AUXILIAR EN GESTIÓN PARLAMENTARIA,125, Secundaria o Equivalente ,Nivel I,Ministerial,DC - FORM 03- Equipo de diseño 2024,,
XXXVI,DEPORTES Y RECREACIÓN   ,01, MONITOR DEPORTIVO ,200,Primaria o Equivalente,Nivel II,Ministerial  ,DC - FORM - 03 - Nuevo - STFP II ,Expediente N° 73/16,
,,02,ÁRBITRO INFANTO-JUVENIL DE FÚTBOL,200,Primaria o Equivalente,Nivel II,Ministerial  ,,Expediente N° 74/16,
,,03,ÁRBITRO INFANTO-JUVENIL DE HOCKEY,160,Primaria o Equivalente,Nivel II,Ministerial  ,,Expediente N° 75/16,
,,04,GUÍA DE SENDERISMO,456, Secundaria o Equivalente ,Nivel III,Ministerial  ,,Expediente N° 88/18,
,,14,AUXILIAR GUÍA DE PESCA DEPORTIVA,250,Secundario o Equivalente acreditar experiencia en Pesca Recreativa,Nivel III,Ministerial  ,Rev. STFP II C,,